271001,200,254,2,124,140,171,104,106,4,345,99,53,57,157,181,155,206,119,513,100,85,73,63,45,99,238,111,328,151,57,116,141,106,55,115,100,676,162,452,178,494,113,206,45,139,80,201,284,316,612,294,324,149,66,85,96,117,220,227,88,68,83,167,106,127,344,69,206,168,62,270,78,110,90,94,682,181,61,344,62,61,97,131,103,91,247,112,162,641,186,259,101,269,556,256,115,80,401,280,275,99,129,72,105,369,184,127,184,45,89,288,575,139,62,73,155,333,58,246,216,311,57,37,73,99,3,100,92,283,159,178,424,166,234,69,52,153,50,186,80,408,131,154,358,95,181,110,482,481,298,354,30,86,52,215,157,482,135,176,298,460,133,65,90,94,49,215,4,94,334,97,81,331,171,175,175,109,70,230,329,118,89,89,45,181,115,187,165,60,127,528,165,570,236,82,66,339,101,23,11,37,69,85,477,21,283,352,109,80,204,92,100,156,235,185,151,125,138,88,105,102,87,544,249,27,516,127,100,206,130,21,548,113,147,461,142,149,196,45,71,137,85,55,586,164,55,155,160,179,57,130,355,225,184,152,64,579,148,92,599,60,71,151,135,105,106,61,117,154,33,83,129,211,124,67,304,96,87,158,558,290,98,79,70,215,20,102,550,102,174,48,49,295,84,562,171,96,229,125,46,266,400,393,324,130,275,134,165,41,156,245,75,98,142,60,210,104,106,146,453,421,214,206,90,105,372,264,72,476,432,309,263,80,46,92,312,488,57,39,138,362,209,150,50,225,78,40,88,22,114,399,313,473,178,164,97,101,200,95,62,153,102,110,168,146,87,48,79,198,484,90,82,45,131,524,137,63,83,91,296,90,432,165,90,95,77,177,97,148,185,-15,74,87,293,79,462,118,338,501,125,210,176,105,45,134,64,225,166,76,247,48,144,493,190,195,176,337,300,178,140,45,271,612,54,155,83,127,162,60,125,126,343,349,258,328,99,355,265,117,304,207,94,100,189,120,100,535,374,66,56,400,57,40,62,228,85,162,653,103,149,199,258,90,245,248,215,131,56,107,107,94,105,167,406,130,44,160,128,88,251,60,110,228,302,235,117,93,195,45,105,128,115,86,45,269,307,128,73,129,471,153,140,334,655,430,66,108,73,128,141,135,151,232,301,446,75,107,224,25,33,93,71,70,88,51,201,178,105,73,7,88,100,164,48,71,106,110,384,97,130,81,138,224,154,118,188,191,203,378,124,130,153,60,229,49,505,75,35,144,123,100,115,96,75,224,38,194,39,138,150,73,618,550,79,189,120,135,126,396,75,351,309,217,64,73,65,120,34,84,118,73,134,590,254,87,110,160,609,72,68,238,63,479,129,95,572,165,114,86,139,132,253,13,353,238,109,206,35,227,4,25,128,343,87,125,305,313,69,107,55,80,172,304,346,242,5,336,81,337,630,131,50,108,45,56,388,123,70,134,227,90,76,227,101,59,630,69,86,157,445,96,79,248,89,109,391,155,92,120,340,164,223,160,126,117,81,36,55,38,75,293,300,65,590,73,248,268,92,96,132,137,176,125,45,195,105,280,90,45,582,130,146,41,128,106,118,501,60,35,200,195,227,130,110,48,173,192,582,130,70,151,297,31,99,319,95,115,126,162,68,68,338,91,35,327,58,276,81,54,151,89,55,154,108,280,384,105,148,430,128,316,187,260,95,436,45,147,71,15,500,208,51,304,217,309,105,75,127,434,128,189,136,152,20,157,100,127,172,152,338,227,40,69,119,192,10,34,104,105,122,54,90,257,659,366,202,230,120,94,41,78,184,69,85,444,175,46,125,183,130,509,70,267,173,133,531,81,163,99,12,57,328,215,55,78,75,81,60,48,106,204,175,105,506,87,462,184,85,136,176,127,38,364,257,101,189,538,132,39,197,68,141,55,384,75,185,269,146,180,332,522,89,82,105,164,213,96,56,279,409,461,348,666,65,162,150,583,111,68,216,637,116,48,92,82,302,346,115,73,133,271,45,128,280,140,45,154,193,85,404,412,153,65,52,174,95,11,154,25,264,207,334,346,244,50,124,312,243,73,31,145,103,126,104,235,69,40,222,159,301,329,386,113,51,84,459,95,118,70,95,64,207,540,339,303,134,56,35,228,92,8,449,141,372,63,125,101,-7,65,130,213,131,235,484,23,113,169,185,-7,513,131,42,21,194,277,66,78,135,404,266,80,97,73,436,135,55,255,286,114,121,77,24,42,50,57,91,53,97,65,92,498,91,25,0,92,94,75,105,93,640,72,560,60,37
271002,88,134,311,147,123,81,541,141,349,233,95,104,135,609,76,237,219,147,26,395,599,166,271,175,148,128,125,99,10,250,231,48,631,71,78,76,139,112,67,102,116,134,226,170,45,189,276,91,122,111,356,562,197,303,207,95,154,92,482,231,93,138,212,63,90,487,156,136,86,471,117,146,85,27,145,69,80,272,118,58,23,28,298,44,138,370,42,160,124,8,137,294,283,219,20,316,67,61,202,103,145,620,75,158,482,227,116,91,150,249,162,102,204,532,128,605,154,129,85,183,293,66,72,245,74,590,402,163,126,103,80,94,85,76,149,194,30,9,44,163,255,105,114,111,194,254,30,139,120,131,240,40,142,356,497,191,277,61,220,118,35,115,115,181,240,95,169,128,375,57,339,87,98,181,138,157,79,100,93,200,90,175,235,60,282,6,79,132,65,631,128,212,25,59,19,165,30,186,100,80,227,125,288,201,194,77,114,199,95,151,532,56,26,109,78,64,80,323,577,5,70,133,135,171,102,580,135,213,366,337,260,42,385,154,102,99,165,159,94,308,40,53,125,226,83,78,171,204,245,20,156,155,81,179,500,199,276,156,359,190,613,71,183,91,50,187,68,-3,31,27,130,106,105,219,149,162,192,187,63,266,196,21,56,101,100,65,87,338,236,126,83,131,138,62,534,50,58,234,78,200,176,308,181,137,390,77,219,195,100,98,150,112,49,70,299,536,98,292,345,190,49,160,30,615,388,256,118,110,115,47,138,40,89,133,105,403,77,280,142,438,127,231,265,56,110,489,527,104,312,531,91,198,116,690,35,190,63,147,123,15,620,137,353,206,279,25,38,188,67,24,354,60,88,75,87,-9,182,110,478,147,510,124,88,136,61,239,411,55,218,11,65,227,342,308,222,194,94,187,166,224,165,40,138,357,445,252,52,294,132,324,85,160,110,204,82,415,217,101,465,218,154,183,174,227,534,369,254,51,293,99,136,57,351,360,299,132,91,206,129,281,88,5,349,75,10,283,350,62,542,229,95,50,18,140,136,289,308,85,95,55,96,191,448,175,60,254,25,24,171,50,98,429,39,109,43,292,51,156,137,254,227,81,59,225,189,116,597,61,67,208,98,366,49,401,200,56,80,247,463,108,88,57,316,525,244,90,297,217,20,462,306,239,170,322,146,127,80,120,117,62,101,30,153,121,171,42,175,668,86,157,146,146,165,42,146,62,155,90,77,133,442,367,29,55,394,423,63,204,67,149,4,134,111,146,230,458,121,206,50,106,135,49,144,244,101,402,111,135,76,40,90,127,243,210,95,74,65,233,541,93,222,193,341,555,474,493,39,31,133,177,326,504,206,118,147,97,37,62,325,124,366,215,110,334,14,45,0,85,181,252,89,113,68,17,245,30,158,363,20,469,100,52,78,201,469,185,95,442,256,196,88,233,108,34,156,407,113,450,95,412,51,83,206,305,431,294,585,85,116,231,54,269,268,326,205,87,69,66,44,165,24,75,176,152,35,131,38,391,30,71,350,88,114,152,188,77,169,307,69,100,195,162,100,491,217,111,174,79,108,191,277,169,398,245,193,313,57,177,393,75,417,40,18,350,551,138,605,439,85,63,167,267,155,116,198,126,236,507,99,76,590,11,574,79,92,78,160,319,163,57,152,672,35,604,479,129,42,249,360,98,192,63,600,509,149,64,197,565,531,167,190,263,371,80,125,304,554,14,34,97,125,467,133,359,110,67,64,377,324
271003,450,89,138,391,35,194,131,85,16,183,120,128,368,202,86,54,196,106,-11,97,27,135,81,65,325,108,216,137,175,62,364,374,180,312,70,77,193,133,59,50,46,71,78,253,36,89,432,286,52,51,52,83,494,280,59,67,98,74,447,106,274,61,477,90,109,565,70,173,214,386,20,84,158,63,227,211,105,105,587,91,70,216,228,119,86,86,293,156,216,419,107,129,124,462,90,75,119,121,285,625,402,190,73,219,208,110,213,198,191,100,106,50,85,382,177,174,107,74,25,104,101,262,112,51,126,382,91,57,134,125,44,521,248,49,44,146,205,165,98,475,266,287,376,540,32,66,43,598,75,145,367,66,105,88,335,124,369,123,224,204,434,195,141,93,67,95,100,572,402,291,164,123,84,317,195,270,137,546,78,127,63,227,100,135,1,283,310,67,87,7,46,95,101,79,134,223,64,441,19,186,24,42,123,34,17,115,404,97,153,318,116,25,168,225,60,448,46,75,529,100,248,62,56,84,214,333,95,67,86,94,412,177,176,31,38,127,183,288,293,246,158,83,50,127,140,75,110,11,90,130,143,90,80,48,47,201,102,90,153,184,94,133,133,279,29,115,175,47,288,50,35,211,155,45,52,61,439,76,75,137,124,440,90,64,115,360,171,646,145,104,122,553,91,455,26,211,253,295,152,360,87,85,42,426,155,509,120,533,348,74,57,273,183,165,35,139,49,238,105,178,16,27,248,62,244,111,38,150,31,80,147,305,401,159,89,60,81,69,655,77,259,437,24,89,67,73,157,141,231,150,51,158,49,127,75,36,232,84,237,108,74,199,100,199,261,77,82,550,179,264,80,95,250,61,78,259,212,121,302,57,73,132,71,64,543,40,156,134,171,509,340,21,146,46,322,216,499,589,234,175,123,257,480,120,98,0,125,72,75,111,55,167,59,41,215,128,131,241,352,263,80,420,346,258,182,57,145,68,120,192,225,66,234,61,397,76,320,331,149,536,226,125,159,161,68,50,84,146,75,330,50,35,95,60,580,115,303,185,172,209,145,178,593,172,461,145,73,87,70,330,44,105,105,367,25,258,100,105,226,174,201,168,254,104,609,71,419,115,71,86,200,140,355,137,140,205,151,385,181,30,294,276,184,24,258,141,169,75,123,271,163,274,322,187,203,109,293,134,391,640,143,189,140,304,53,112,128,0,42,66,130,94,30,262,263,351,112,230,168,577,142,135,193,166,59,41,152,45,57,414,72,148,166,611,54,65,568,157,139,113,92,42,494,10,205,80,145,463,204,70,81,255,336,312,182,116,595,84,184,20,109,47,110,430,341,168,92,242,467,321,182,106,90,79,78,160,85,107,185,543,118,324,343,123,80,11,119,147,360,305,130,73,258,130,45,105,63,299,185,103,157,645,117,70,84,305,54,479,100,587,213,0,61,135,243,120,74,103,99,635,100,481,111,100,149,79,69,149,550,72,75,47,80,105,110,109,60,97,137,608,91,128,175,407,314,142,154,259,91,145,74,161,39,99,72,166,205,75,533,79,546,72,265,30,333,283,111,88,144,408,339,166,104,525,366,352,87,73,45,143,120,424,60,308,447,77,150,144,569,226,120,130,95,66,131,126,148,36,146,346,181,197,107,68,64,60,231,619,121,133,47,46,341,80,183,357,232,327,190,135,330,403,372,81,192,572,63,483,392,153,165,151
271004,154,101,254,345,130,456,141,95,611,31,307,303,538,270,171,341,76,102,504,221,187,141,129,170,358,157,538,190,231,112,190,87,110,232,118,77,294,199,343,488,102,211,198,94,99,42,397,150,29,220,89,383,76,183,63,162,269,486,91,119,421,266,312,55,282,160,196,247,477,115,163,155,537,116,9,106,100,475,486,102,68,276,95,70,180,289,120,138,333,80,69,301,42,264,71,383,264,95,151,60,104,146,90,67,81,90,381,313,126,182,289,335,190,384,309,116,90,77,211,25,31,2,130,602,37,45,105,50,27,89,105,91,159,71,150,153,70,85,174,110,168,92,60,241,436,172,68,89,139,25,68,95,200,38,62,215,251,173,249,152,172,107,105,33,540,28,129,229,171,39,162,60,201,376,46,141,619,260,115,135,130,41,145,150,80,129,468,116,45,395,73,375,482,235,320,49,526,224,463,147,90,55,146,34,159,110,137,96,71,95,137,190,384,424,34,108,31,239,154,147,102,283,104,45,257,87,313,156,139,137,584,164,17,76,48,203,69,232,220,62,360,117,125,140,32,452,434,11,89,136,94,138,572,166,68,319,50,253,475,46,137,49,451,136,141,56,68,108,86,52,12,136,132,116,90,122,77,35,217,121,78,72,45,340,257,180,160,418,112,115,115,77,109,127,142,118,225,83,215,397,106,111,48,49,186,154,295,63,120,75,28,179,134,104,80,235,185,238,78,328,79,145,170,75,30,110,26,28,524,95,186,75,93,172,178,183,367,75,101,388,174,34,88,110,108,171,269,593,144,139,82,85,131,108,390,338,71,142,218,183,33,205,51,135,139,100,363,114,277,233,57,335,107,102,45,38,16,553,434,96,7,180,24,47,119,383,287,94,128,84,95,113,424,326,318,440,190,524,166,105,155,425,170,196,193,115,258,61,154,213,213,111,100,49,454,67,56,112,37,70,545,289,132,439,140,62,149,75,91,175,90,183,130,81,71,140,139,322,151,155,80,186,75,76,578,66,140,107,78,86,156,80,61,380,96,25,101,142,52,-30,133,212,153,204,169,50,173,80
271005,111,116,210,346,62,112,601,85,81,441,489,301,142,56,215,115,228,85,453,436,514,55,67,170,100,150,393,189,112,95,0,358,129,75,144,660,66,73,118,309,60,328,218,635,478,393,149,115,150,506,256,244,115,68,184,77,105,88,134,232,175,476,327,104,294,153,117,277,335,35,100,132,365,35,146,78,98,39,45,80,5,67,55,401,197,585,53,101,65,125,163,244,203,54,135,32,90,114,108,299,34,329,340,203,33,296,137,194,62,90,178,38,132,93,84,170,75,395,97,286,135,441,80,144,34,74,113,55,145,88,214,119,54,571,30,160,280,60,100,162,38,136,227,58,385,44,423,366,315,246,291,112,96,114,99,161,305,310,77,156,74,234,366,115,35,137,163,84,110,223,20,136,81,372,558,248,148,660,566,57,239,10,83,48,180,284,459,161,187,373,195,120,107,45,122,175,136,53,328,65,156,383,65,20,333,55,415,18,48,151,145,192,180,10,518,204,46,291,112,109,231,301,588,25,38,126,117,84,553,150,30,5,50,508,67,145,112,327,101,163,142,79,35,384,186,94,125,276,13,62,154,121,80,80,285,185,91,187,44,258,318,157,180,128,43,224,202,4,82,216,34,50,537,137,491,99,60,156,235,52,517,573,163,37,89,83,280,180,266,65,28,31,129,113,173,134,65,260,43,297,134,31,75,294,89,95,428,34,104,317,360,36,103,254,190,328,51,110,110,304,75,190,71,324,151,36,85,25,70,417,51,102,144,301,499,120,262,46,109,207,394,296,61,326,315,98,142,140,524,222,130,72,67,75,81,160,91,72,326,78,149,30,135,105,273,90,53,450,20,206,190,125,79,564,82,202,54,346,143,62,31,145,245,75,81,136,92,107,86,134,417,109,149,135
271006,136,160,107,51,79,106,563,10,102,298,-11,90,50,91,111,278,247,424,35,230,700,183,92,78,120,54,142,40,73,118,439,89,145,171,121,125,84,295,570,326,507,61,221,225,437,223,325,116,168,91,203,313,269,98,95,40,115,519,151,78,195,149,125,51,311,153,39,353,391,121,182,221,85,171,23,311,81,112,80,153,355,266,62,525,100,76,65,487,68,118,31,92,230,323,460,185,50,206,75,90,123,120,429,130,85,25,271,637,59,103,39,66,283,160,146,56,125,88,63,58,35,87,107,148,114,104,126,365,70,399,80,250,156,94,73,288,90,60,55,464,152,428,70,45,81,95,535,174,83,9,286,44,115,129,198,228,8,542,3,277,114,61,166,197,172,409,32,65,81,72,190,269,77,102,277,74,334,139,201,135,493,86,55,179,437,31,149,263,507,607,376,340,85,86,141,60,153,290,205,15,28,118,44,81,123,199,131,113,184,218,127,226,48,288,165,402,185,219,104,70,82,95,115,79,46,451,92,521,101,212,25,123,155,124,333,399,323,75,171,224,96,80,114,220,174,37,111,180,80,218,90,321,585,262,510,269,114,211,229,625,95,101,27,257,110,45,92,153,62,122,268,46,90,91,665,286,336,39,83,25,435,603,118,35,50,77,424,382,120,543,435,304,94,674,50,57,379,173,85,110,104,197,105,578,189,444,190,106,68,239,623,50,99,460,99,46,85,159,88,263,70,298,505,285,246,46,189,31,117,587,201,110,285,105,125,17,60,69,107,38,30,28,259,639,388,246,210,44,131,139,143,83
271007,676,35,27,210,117,94,36,416,50,473,113,108,36,226,403,102,64,126,32,156,42,230,178,534,193,124,214,53,48,127,116,398,681,168,89,120,85,151,151,122,336,260,135,62,159,32,39,31,119,388,278,152,211,196,188,87,494,45,85,124,102,535,163,139,62,276,60,623,140,165,283,48,248,105,91,70,197,246,88,252,75,285,328,58,612,275,45,127,425,190,306,190,77,72,124,195,190,127,135,78,116,588,76,57,122,9,97,192,655,74,100,44,294,475,101,50,71,278,479,23,78,140,108,204,88,130,93,86,208,309,151,180,153,8,80,51,156,216,150,84,100,47,175,20,53,79,324,107,15,382,81,175,89,80,462,73,51,78,116,365,168,169,540,246,70,58,111,45,154,105,150,360,94,55,337,194,148,117,180,133,214,236,78,101,108,240,210,171,84,100,259,237,383,111,472,531,241,289,456,109,91,171,271,84,105,35,85,5,54,540,151,39,84,54,134,53,257,141,114,443,100,38,55,117,207,103,535,171,181,140,97,151,44,333,312
271008,122,99,309,110,347,75,193,90,122,128,44,80,212,40,244,49,144,134,146,135,51,126,277,135,163,75,79,136,516,439,40,46,29,357,215,466,484,154,93,269,45,62,240,230,102,194,8,169,32,48,-5,140,334,445,140,309,80,50,464,176,38,291,214,138,236,97,300,74,428,72,75,564,32,32,119,96,574,140,106,99,59,163,97,75,134,80,126,201,203,273,85,131,138,175,382,133,62,160,69,399,229,20,79,97,75,184,110,166,61,142,152,134,73,119,123,115,107,107,101,65,85,153,331,218,177,118,82,120,131,88,162,357,26,81,55,237,125,525,12,366,245,543,62,41,132,248,68,85,411,75,36,55,40,288,136,529,176,54,219,166,70,148,92,206,93,93,169,118,135,92,48,167,38,75,125,511,323,550,239,308,-13,315,14,99,40,32,131,25,239,116,47,92,151,136,267,60,328,52,160,39,122,120,608,130,160,107,424,154,269,127,203,67,364,169,98,84,161,125,608,15,148,60,81,127,234
271101,153,297,40,81,216,43,200,146,78,38,499,92,37,87,263,213,385,35,322,196,527,50,353,238,551,190,137,155,376,80,36,132,366,230,63,64,172,104,133,230,205,61,216,286,82,229,381,71,123,105,13,193,370,194,140,393,244,145,267,40,507,340,432,430,95,115,570,157,10,6,324,489,275,576,415,5,365,95,281,222,345,127,45,166,22,35,88,144,499,435,95,331,359,103,209,47,170,301,363,31,95,65,513,31,486,252,407,161,207,163,323,118,105,55,286,464,35,38,89,560,381,146,640,269,236,397,131,62,209,190,296,361,377,254,136,102,73,234,223,61,248,594,183,108,238,346,161,114,144,343,426,95,336,131,87,226,532,80,79,127,34,253,89,18,368,155,171,82,17,68,100,240,375,280,252,68,101,263,109,235,95,102,84,142,58,581,428,111,129,329,340,54,353,88,199,313,305,59,130,554,95,181,459,25,67,10,309,100,304,379,50,70,319,52,74,57,43,284,124,85,33,227,501,66,78,164,420,376,171,163,93,512,93,624,216,106,363,545,217,557,75,602,32,302,634,113,327,147,50,25,401,143,233,120,58,386,362,62,81,278,328,55,97,47,106,500,157,668,65,145,40,456,191,317,119,481,445,556,185,298,566,101,160,65,86,89,65,88,496,198,193,537,295,377,499,110,128,113,140,45,214,67,356,124,228,60,138,17,90,282,190,225,210,124,388,210,188,70,186,80,64,67,453,411,213,269,543,40,165,55,18,56,82,324,59,135,139,95,104,185,235,536,155,290,191,70,225,226,168,60,321,383,65,393,128,73,237,175,119,216,357,38,511,63,51,90,571,151,182,55,103,75,19,420,142,18,111,145,355,116,54,531,35,450,434,35,491,365,65,25,50,72,116,90,3,598,110,44,400,65,167,57,68,441,511,299,106,213,293,82,16,554,258,139,165,18,119,145,100,76,356,108,199,82,177,531,77,14,463,105,383,121,85,47,144,46,223,367,395,417,95,141,67,25,173,165,267,217,135,199,302,94,82,70,142,86,288,521,251,88,208,17,33,130,624,16,196,573,450,80,216,212,165,139,130,276,308,85,145,92,47,61,111,68,347,97,103,297,96,88,135,89,263,127,81,29,386,338,417,242,98,466,202,140,162,35,319,137,132,116,2,416,187,54,386,565,205,49,364,154,140,201,197,21,25,127,128,346,71,138,144,15,78,198,24,125,292,70,75,370,87,88,76,117,66,57,100,312,219,37,17,366,126,134,103,556,364,289,68,453,200,598,127,83,89,153,168,108,353,193,237,135,105,111,58,322,145,160,100,237,205,47,111,157,49,192,55,230,24,397,93,135,-35,356,123,263,93,653,182,43,190,281,465,180,503,21,130,136,60,479,126,25,40,124,441,37,171,55,28,66,158,58,638,460,304,40,127,110,215,299,217,177,112,135,116,160,171,185,163,183,19,61,73,123,144,471,362,210,85,65,74,10,187,141,285,108,80,286,610,399,112,168,418,257,306,346,604,335,590,265,270,124,355,444,90,180,148,40,138,24,204,74,248,283,64,286,55,140,95,30,177,54,69,103,100,331,138,487,462,138,234,247,175,281,173,51,125,426,114,63,75,106,118,49,70,87,85,70,219,-4,414,337,423,213,167,183,125,311,199,216,92,197,81,94,70,76,209,94,91,605,545,193,192,190,91,72,125,222,305,30,380,143,87,110,55,213,67,71,14,152,572,338,201,179,593,262,79,87
271102,440,366,70,303,87,70,198,87,78,95,122,417,406,155,298,11,128,420,235,207,101,65,61,54,90,283,23,200,109,248,223,340,50,70,88,169,145,46,388,139,150,90,122,35,371,197,194,296,93,214,240,552,460,148,151,444,74,113,-10,155,198,118,68,94,463,267,265,115,299,365,86,16,210,471,106,77,120,619,566,110,201,78,116,196,546,63,511,256,129,135,83,76,253,252,63,556,387,103,23,33,161,202,46,510,33,111,476,105,95,349,187,612,101,391,55,253,404,359,133,106,104,91,253,270,73,612,483,71,48,194,161,381,492,624,186,250,154,25,537,217,331,170,419,547,100,27,145,163,209,413,115,570,77,159,45,105,42,260,512,71,150,264,428,409,94,-16,73,297,100,196,344,220,88,273,567,160,37,78,74,336,562,112,191,412,377,144,515,25,163,127,451,596,81,184,271,13,119,65,559,150,118,217,503,107,558,45,188,428,51,303,91,508,135,110,262,32,188,105,153,58,41,261,120,119,79,88,16,32,538,186,313,471,92,210,32,115,90,206,164,279,66,373,346,286,44,254,35,183,15,161,96,65,395,46,55,107,90,30,84,252,100,62,55,163,84,589,10,160,248,30,147,295,70,88,168,10,90,491,118,59,601,169,521,380,87,63,42,299,128,280,-7,77,118,45,98,98,29,5,78,561,27,141,591,155,249,56,174,433,83,80,86,52,68,260,354,105,55,104,107,89,197,70,65,412,74,99,162,69,274,69,120,640,112,104,41,534,152,71,200,160,99,348,331,46,78,57,228,100,248,105,114,614,608,49,171,246,45,155,62,112,119,67,221,146,159,108,83,194,325,47,10,197,104,65,221,6,123,123,160,65,37,72,338,514,27,85,199,379,69,117,88,253,103,666,104,330,418,163,384,263,34,77,277,72,125,123,120,113,351,270,160,103,112,270,308,65,482,46,268,30,152,123,251,228,124,110,228,104,160,127,60,191,50,116,130,80,55,661,176,340,42,309,364,131,21,380,190,266,236,87,284,114,580,95,113,36,91,237,65,78,108,134,315,175,204,593,199,340,131,30,75,135,261,115,23,157,9,139,112,250,357,125,103,230,65,126,140,58,201,83,307,74,-1,66,468,100,603,92,93,111,127,505,51,101,176,42,324,79,241,284,228,165,505,61,118,352,88,179,35,265,510,29,52,120,115,98,519,65,618,327,291,177,203,285,124,103,45,422,26,128,96,441,119,92,306,273,116,213,327,65,222,151,47,19,104,127,374,123,354,30,305,341,406,212,170,149,160,310,125,594,58,95,249,65,98,78,427,75,31,214,101,484,202,300,72,55,119,321,239,75,54,450,329,233,208,289,364,147,64,149,361,286,53,172,179,145,16,99,37,49,216,445,600,129,525,61,78,240,197,37,86,582,95,86,543,608,40,261,241,432,97,128,133,229,215,174,64,65,476,131,592,104,303,508,105,58,397,80,254,434,76,232,446
271103,101,113,128,126,539,308,256,261,178,27,104,85,207,110,175,485,307,242,320,131,334,66,335,63,39,155,51,224,362,86,70,12,104,197,119,260,65,2,135,70,442,122,214,64,116,76,74,148,239,243,253,55,429,25,5,73,114,67,31,56,73,78,216,75,125,119,457,370,342,69,100,100,328,58,83,152,83,34,72,31,98,210,332,72,312,353,89,124,50,377,615,130,49,70,479,100,104,21,324,29,124,204,86,379,82,14,407,95,54,73,20,397,95,175,245,110,47,87,540,410,400,166,618,261,159,244,457,142,55,405,143,175,171,26,203,570,258,50,204,327,66,432,191,150,232,36,93,129,70,135,82,39,181,43,40,324,22,288,603,122,133,89,140,70,176,582,105,216,384,300,40,99,248,250,86,617,76,376,130,616,117,70,124,126,173,120,66,52,185,176,423,436,225,255,15,164,228,166,56,80,299,381,65,27,85,339,380,143,104,182,59,254,143,211,198,113,212,95,197,86,85,95,39,92,130,87,180,22,127,117,149,63,61,308,-20,79,90,216,312,150,238,576,175,42,92,596,515,222,350,64,277,236,26,560,-12,464,292,228,284,72,342,84,113,25,235,-2,203,520,192,512,213,151,383,7,60,291,386,155,257,75,30,245,111,406,422,146,189,566,230,164,313,113,159,34,32,256,74,621,532,680,225,243,253,105,77,143,39,190,272,434,55,77,128,85,403,595,135,209,90,202,209,70,97,486,45,189,114,248,371,233,346,88,66,247,125,83,157,456,59,125,199,175,172,73,92,43,520,31,67,70,67,145,440,121,43,226,67,216,305,440,116,157,467,15,157,45,47,273,636,561,80,130,86,145,111,87,450,403,196,453,81,227,71,182,122,47,209,506,102,73,85,219,72,647,92,98,527,423,158,362,75,155,80,109,122,225,157,58,80,125,294,124,234,252,270,66,42,369,170,350,648,267,50,118,85,488,49,322,532,101,189,86,277,590,50,227,221,188,35,67,71,82,195,66,64,330,90,160,44,105,103,40,26,461,319,227,562,241,127,231,106,85,224,103,82,245,189,372,73,309
271104,136,254,76,241,148,30,135,65,125,75,150,303,477,187,64,50,374,194,57,87,55,436,450,70,100,78,599,469,529,74,280,318,124,606,649,80,225,83,70,95,205,136,270,55,72,169,256,68,211,376,17,83,74,243,195,120,32,197,248,56,226,422,60,64,70,201,64,126,156,58,352,279,415,306,128,62,227,456,89,100,349,197,112,43,117,44,249,39,485,27,88,41,130,55,77,196,453,120,328,105,490,54,146,87,185,57,90,115,379,250,187,209,176,196,121,582,248,132,415,355,60,539,102,132,303,89,470,155,162,113,297,117,235,248,165,397,185,59,96,64,253,382,81,240,130,37,399,59,133,132,105,69,291,101,474,159,187,160,65,527,21,87,83,71,215,76,285,77,500,359,50,213,248,131,123,74,47,32,32,283,41,56,67,60,107,100,318,45,267,205,252,65,64,141,54,183,468,61,172,90,213,237,130,620,308,154,541,255,51,58,638,409,5,76,45,69,30,160,102,27,394,239,525,210,631,98,-35,195,120,665,282,538,439,183,22,230,206,164,110,67,572,146,108,257,385,414,94,68,551,54,344,94,56,211,150,119,213,495,54,546,15,30,410,58,277,530,136,214,-12,120,296,78,174,76,181,115,108,35,210,89,110,244,191,50,109,250,116,42,402,155,19,117,386,278,82,77,172,182,532,99,204,55,304,35,497,100,124,184,46,31,529,220,589,362,176,80,155,205,60,582,195,127,122,35,134,85,221,112,217,504,284,482,150,114,248,220,375,120,332,587,547,174,146,252,243,105,42,180,172,240,253,604,62,336,369,110,96,77,270,72,119,399,235,648,223,55,-20,594,111,130,434,282,322,374,291,282,64,151,99,81,107,56,386,62,210,109,448,206,72,108,400,70,135,90,70,366,273,271,93,169,437,272,69,598,145,161,465,75,163,338,419,153,255,70,320,149,115,551,194,482,73,503,112,210,235,161,382,53,192,286,105,65,65,152,118,35,207,50,148,110,101,42,275
271105,256,116,28,503,181,245,145,37,175,202,252,120,187,194,169,383,301,265,15,122,120,305,78,171,114,84,276,32,500,116,202,596,167,214,74,79,464,160,186,339,147,149,363,115,91,120,40,77,145,41,211,125,127,68,65,40,55,210,176,88,353,361,150,244,410,122,191,280,507,227,41,364,25,118,84,130,35,64,93,172,1,95,164,230,37,297,60,89,136,106,193,91,121,71,-2,63,101,156,96,29,257,105,21,167,85,150,81,149,308,96,490,168,85,469,128,256,581,122,389,104,236,244,90,218,97,75,0,273,149,90,157,570,110,67,118,74,19,57,64,161,135,85,11,526,20,284,301,538,430,125,339,131,338,621,92,157,95,165,412,287,487,108,349,89,93,57,162,160,437,192,603,235,74,318,96,51,-6,92,146,79,201,102,137,72,128,126,105,162,351,22,15,142,383,212,341,118,104,116,488,171,60,219,100,101,409,128,68,148,31,86,119,31,70,537,267,546,48,131,141,25,339,361,347,213,165,99,118,165,75,323,88,141,560,137,469,92,139,124,106,319,110,310,198,127,198,214,309,92,20,14,69,210,222,290,227,118,94,140,339,378,227,266,510,71,70,217,31,157,215,450,70,237,408,532,62,31,115,165,51,101,92,55,177,548,524,141,97,245,490,137,205,538,636,145,289,285,210,133,42,355,215,100,108,464,389,346,65,217,427,35,121,124,630,498,123,156,46,590,63,120,17,118,47,217,495,113,127,69,113,98,58,145,10,76,57,126,132,283,60,166,29,19,103,152,505,541,356,125,388,147,63,84,132,593,111,326,15,169,174,397,329,143,110,60,134,78,29,25,197,55,615,310,599,108,216,153,135,358,69,362,154,158,349,45,13,208,445,201,20,101,95,68,214,42,233,356,143,285,113,109,84,144,323,28,111,266,326,133,79,458,133,315,192,23,99,557,225,124,103,390,208
271106,76,87,319,61,210,74,483,439,316,93,398,284,146,70,318,208,49,120,60,224,56,340,424,561,15,150,162,287,116,75,31,211,123,261,177,105,207,180,108,412,195,137,154,407,96,192,63,557,119,191,495,58,190,50,282,167,142,377,211,171,122,71,179,113,324,109,85,216,5,89,428,456,102,53,65,134,95,321,219,185,75,46,152,102,25,142,167,265,126,79,258,69,116,91,389,29,125,95,129,52,367,140,40,80,171,77,268,169,229,156,55,252,413,48,266,49,192,516,55,66,472,189,584,182,114,187,414,107,267,110,170,66,196,107,275,319,70,373,201,335,209,228,54,165,115,95,280,41,236,166,108,245,130,35,514,80,85,150,164,270,86,325,158,0,153,172,77,83,118,197,90,69,91,280,406,192,100,299,294,343,134,121,422,122,50,265,8,75,161,238,59,199,109,410,71,110,76,169,236,614,67,427,229,183,42,135,125,231,143,154,70,141,588,120,145,164,60,136,141,237,129,439,314,128,32,26,104,407,337,72,182,40,87,418,105,494,40,40,97,56,426,50,155,605,127,255,20,79,40,84,302,156,615,110,283,136,351,109,89,126,619,471,484,43,197,313,423,78,288,215,137,38,185,161,60,22,84,79,300,84,150,277,101,9,146,421,607,409,4,26,229,49,77,105,75,109,534,46,76,34,225,140,213,210,95
271107,389,83,261,108,83,455,285,55,116,174,394,118,458,7,218,4,237,344,73,150,193,159,142,55,155,575,48,141,616,150,80,133,238,567,38,153,122,192,52,42,86,343,55,484,102,248,156,111,51,477,66,130,73,53,281,542,63,90,116,70,113,422,70,372,562,164,66,93,45,46,103,66,245,284,87,98,245,71,204,72,37,126,392,412,81,187,249,171,448,338,130,432,267,61,21,569,62,86,201,238,431,146,70,441,119,257,111,386,131,170,288,124,91,178,165,134,96,366,346,168,103,176,30,143,363,65,90,116,132,108,271,206,176,52,153,30,52,140,155,100,23,258,227,15,111,257,412,71,83,145,129,115,260,145,128,49,375,80,65,11,404,43,68,549,140,127,184,86,31,193,158,145,57,361,26,115,361,65,274,303,330,394,468,116,407,335,109,99,107,117,395,280,234,199,72,267,149,105,348,147,113,63,523,95,143,71,135,112,201,35,80,99,190,91,477,82,95,216,92,49,39,48,153,74,56,491,86,117,241,158,145,70,122,239,195,133,56,514,67,39,16,139,274,97,23,85,117,219,349,393,226,79,59,32,211,229
271108,385,401,57,248,47,647,78,75,425,68,153,305,160,43,579,279,410,75,205,40,216,88,484,522,130,89,51,54,105,150,327,180,81,462,104,87,186,140,53,209,126,92,330,102,407,560,151,84,131,69,29,509,483,212,622,298,110,94,138,180,253,72,64,60,60,369,125,416,93,83,183,54,291,80,316,352,546,21,139,29,144,28,66,112,116,270,131,45,75,152,233,84,192,213,19,84,360,82,144,609,515,97,135,30,95,294,629,464,53,151,85,110,47,42,574,60,107,135,60,56,40,45,127,31,203,215,141,209,113,96,116,147,26,84,42,256,30,152,68,296,439,95,54,105,212,234,125,624,34,162,341,343,102,127,105,80,231,68,256,154,112,171,106,58,153,364,50,95,268,72,175,157,139,164,73,102,398,284,213,148,424,31,165,150,278,58,144,80,78,108,447,85,65,93,75,72,338,65,202,156,90,38,347,534,155,56,185,110,76,203,74,219,422,54,87,103,82,443,42,130,81,111,492,87,77,244,91,80,167
271109,178,95,461,301,169,81,125,64,96,64,114,92,162,35,582,394,169,85,125,54,165,375,499,213,33,51,45,154,44,81,139,132,408,67,122,88,281,263,115,232,84,117,144,275,166,55,47,105,126,359,51,78,388,583,329,175,104,140,337,281,234,505,109,416,181,84,112,50,475,174,188,217,95,196,78,78,334,323,180,127,111,205,120,144,63,105,67,56,293,95,407,283,18,46,67,111,434,282,40,349,135,85,158,286,274,75,105,371,149,515,97,239,434,118,104,325,108,60,73,335,102,376,214,52,99,67,111,89,209,148,457,112,57,117,115,114,290,495,117,39,277,105,115,116,537,-15,109,419,121,251,145,151,72,200,576,322,77,215,138,656,161,294,117,75,261,170,130,39,416,101,26,55,101,625,55,200,452,146,91,223,56,489,101,105,195,45,145,66,182,205,99,76,508,0,95,129,271,55,54,61,96,229,60,288,155,105,117,215,202,480,104,262,89,462,100,331,52,73,153,217,125,241,228,338,143,14,116,484,252,365,86,593,253,138,123,497,397,83,91,59,63,81,336,121,110,105,35,37,10,65,243,25,629,121,23,43,140,52,622,151,78,250,122,678,120,116,221,385,114,245,353,82,111,539,541,413,111,169,136,54,-3,95,97,146,133,463,42,113,144,85,247,320,111,85,523,184,55,84,374,91,42,168,170,225,197,167,96,41,680,94,60,380,117,102,195,47,363,45,502,256,111,77,227,124,60,344,115,532,242,124,42,15,479,361,362,72,43,148,75,188,236,41,95,156,569,95,76,91,107,365,134,217,284,67,41,99,210,73,146,55,43,178,119,198,190,110,72,168,183,61,172,116,24,251,131,562,36,190,153,540,90,65,119,66,103,53,144,81,61,287,338,40,89,589,50,64,88,417,58,282,294,254,519,70,619,134,276,302,162,93,129,85,241,100,324,38,128,47,156,269,125,138,458,95,232,170,130,104,256,192,343,123,316,210,431,440,105,129,286,141,279,450,80,216,214,194,98,159,66,258,599,247,110,121,643,574,178,99,55,134,155,181,60,105,87,450,110,83,196,80,21,333,65,337,120,90,341,95,92,155,135,213,234,279,35,297,141,85,135,140,125,240,526,89,125,128,100,82,182,15,144,278,368,105,160,118,206,364,170,50,497,20,581,155,120,50,104,173,172,25,59,145,90,117,115,435,10,167,623,205,143,55,154,77,234,242,218,325,189,348,61,40,355,123,488,147,112,58,107,100,537,48,315,45,489,284,70,281,187,201,230,60,140,332,339,65,87,341,406,422,170,169,343,135,91,212,154,5,132,96,129,130,184,195,318,88,36,80,137,122,166,467,161,534,120,118,390,390,177,113,121,119,126,64,330,387
